Category,Brand Specific,Title,Date,Cascade,Link References
Call Handling,Oricle Hearing Aid,OHA Consultation Scheduling & Return Eligibility,August 28,"Please be reminded of the correct process before scheduling a customer for a Hearing Specialist consultation.

We noticed that some Hearing Specialist appointments were being scheduled through the wrong event link, and some agents are also jumping straight to the consultation offer without first checking the customer’s return date and eligibility.

Before Scheduling a Consultation
Please make sure to:

1.Check the customer’s return eligibility/window first.
2.Review the customer’s previous consultation history and determine whether another consultation is actually needed.
3.If the customer is already outside the return window or has already met with the specialists, please focus on troubleshooting first instead of automatically scheduling another consultation.
4.Only offer a consultation when it is appropriate based on the customer’s concern and eligibility.


Important: A consultation should NOT be used as an automatic step for every OHA concern.
For example, in one recent case, the customer had already met with our specialists twice and was no longer eligible for a return. The appropriate handling would have been to conduct further troubleshooting rather than immediately scheduling another consultation.
","Standard Consultation 
When to Use? 
For return requests, troubleshooting, and other appropriate consultation needs

Link: https://calendly.com/d/cxyq-dsw-yct/oricle-hearing-consultation

Getting Started / Welcome Calls
When to Use? 
For unboxing and device educaiton (ONLY for Customers who availed BHK)

Link: https://calendly.com/d/dvnb-wx7-zzx/getting-started-oricle-hearing-consultation

Spanish Speaking Consultation
When to Use? 
For customers who require a Spaish Speaking Specialist

Link: https://calendly.com/d/dvz7-3b5-drw/oricle-hearing-consultation"
Product Information,Oricle Hearing Aid,New Oricle Hearing Aid Models,August 26,,